lon,lat,name,category,type
72.5591462,23.0144556,Suvidha Shopping Centre,competitor,convenience
72.5965751,23.01524,10 (Ten) Acres Mall,competitor,supermarket
72.60021,23.0182439,,competitor,clothes
72.5912229,23.0235904,Arihant Agency,competitor,convenience
72.5902915,23.0248237,Vidyarthi,competitor,books
72.6346938,23.1959555,Bike Auto Care products,competitor,doityourself
72.5889014,23.0380231,Bharat Kirana Stores,competitor,convenience
72.5690409,23.011756,Design Gallery,competitor,lifestyle
72.691482,23.1505901,Gujraj International Finance tea center,competitor,garden_centre
72.5653869,23.0327479,Crossword Book Store,competitor,books
72.5646439,23.0856343,Shree Aaiji Super Market,competitor,supermarket
72.5646659,23.0849901,Samruddhi Jwellers,competitor,jewelry
72.5783185,23.0229763,,competitor,hairdresser
72.6016251,22.9990897,Govind Cycles,competitor,bicycle
72.5613239,23.0325848,Induben Khakhrawala,competitor,convenience
72.5603885,23.0328013,Romano,competitor,clothes
72.5601894,23.0340092,Chanel,competitor,clothes
72.5837441,23.0243077,Sheikh Mohimmad atik,competitor,kiosk
72.5398312,23.0307495,,competitor,kiosk-cholle kulchr
72.5443605,23.0265455,,competitor,prakash-dalwasa
72.5443504,23.0263991,talsingh,competitor,kiosk-nagar cholafadi
72.5440367,23.0260866,master wada paav,competitor,kiosk
72.5431753,23.0230239,sureshbhai prajapati,competitor,kiosk-indorni sabu dana khichdi
72.5497189,23.0425653,login,competitor,tea
72.5503049,23.0425341,login,competitor,tea
72.5506152,23.0422756,have a nice day,competitor,tea
72.5517765,23.0454898,R.K.OMLET,competitor,deli
72.5337283,23.0479379,Janta,competitor,ice_cream
72.5692215,23.0364058,new rashtriya bhajiya house,competitor,kiosk
72.5795927,23.0401345,krishna cold drinks,competitor,beverages
72.5797316,23.036703,janta bakery,competitor,bakery
72.5690405,23.037044,rehmati bakery,competitor,bakery
72.5495859,23.0427433,happiness,competitor,coffee
72.5694452,23.0368824,bhogilal mulchand,competitor,bakery
72.569816,23.0376364,super tea stall,competitor,tea
72.5779042,23.0398738,shri shankar bhuvan nashta house,competitor,kiosk
72.549159,23.0422114,barley water shop,competitor,beverages
72.5492686,23.0426527,navrang restuarant,competitor,deli
72.549319,23.0426291,jalaram parontha house,competitor,deli
72.5493001,23.0426338,punjabi flavours,competitor,deli
72.5798143,23.039816,bherunath jain chavana house,competitor,bakery
72.579821,23.0385763,manhar doodh ghar,competitor,bakery
72.5796656,23.0345651,dhanlakshmi fruit stall,competitor,greengrocer
72.5691251,23.0371194,rehmati bakery,competitor,bakery
72.5472223,23.0440918,Amul,competitor,dairy
72.5492595,23.0426661,facebook restuarant,competitor,deli
72.5492615,23.0424164,R K vadapav,competitor,deli
72.5487336,23.042291,rasranjan,competitor,bakery
72.5871222,23.0241153,Mukhwaas,competitor,kiosk
72.5927666,23.0153173,,competitor,travel_agency
72.4718735,23.0307489,Bopal Vegetable Market,competitor,supermarket
72.5914619,23.0843928,,competitor,supermarket
72.5291592,23.0141932,Adidas,competitor,shoes
72.5283921,23.0140155,sakuntal hat,competitor,fashion
72.5217681,23.0270936,TDW Furniture Private Limited,competitor,furniture
72.5242142,23.0269648,Star Bazaar,competitor,supermarket
72.6001635,23.0264342,Jeet Tours & Travel,competitor,travel_agency
72.6169583,23.1972877,Maheshwari kirana and parlour,competitor,supermarket
72.6442794,23.0510386,Manki children store,competitor,clothes
72.5975122,23.0147236,Big Bazaar,competitor,supermarket
72.5194989,23.0411515,,competitor,furniture
72.521679,23.043024,,competitor,furniture
72.5597398,23.0323274,,competitor,clothes
72.5547791,23.0523774,,competitor,optician
72.5363549,23.0570698,my tution,competitor,books
72.6301401,23.0857612,Jagdamba Sales Corporation,competitor,electronics
72.5844263,23.0886047,Jain Nagar,competitor,wine
72.5265833,23.0475825,Reliance Smart,competitor,supermarket
72.6288132,23.0971579,Amul Dairy,competitor,bakery
72.6711806,23.0552881,DMart,competitor,supermarket
72.5761383,23.0680121,D Mart,competitor,department_store
72.5758088,23.0680414,Relince Digital,competitor,department_store
72.5760578,23.0679571,Arved transcube Plaza,competitor,supermarket
72.5617091,23.0379538,Half Ticket,competitor,clothes
72.5610186,23.0368527,Liberty Showroom,competitor,shoes
72.503458,23.0122697,Maruti Suzuki NEXA,competitor,car
72.5601493,23.0337539,Half ticket,competitor,clothes
72.6416185,23.0739761,Mahlaxmi papad,competitor,supermarket
72.6414355,23.0731757,Kubernagar Main market - sindhi market,competitor,supermarket
72.5366121,22.9923265,Tata Mootrs,competitor,car
72.5880275,23.0277198,readymadepocket,competitor,clothes
72.5718995,23.0228851,HARSHAL PUBLICATION,competitor,books
72.607567,22.9947074,,competitor,beverages
72.4954264,23.0442577,"Payload Electronics Lab, Physical Research Laboratory",competitor,electronics
72.5686718,23.0216194,Art book center specialist in books on indian culture,competitor,books
72.6634833,23.0507889,c point furniture,competitor,furniture
72.5710114,23.0216703,,competitor,mobile_phone
72.4755677,23.0174711,Bata,competitor,shoes
72.5252741,23.0256216,Mahasagar travels ltd,competitor,travel_agency
72.5253435,23.0257415,Neeta travels,competitor,travel_agency
72.5253774,23.026132,Ramani travels,competitor,travel_agency
72.5256239,23.0261084,Gujarat travels,competitor,travel_agency
72.5759446,23.0681594,D Mart,competitor,supermarket
72.574545,23.0796845,Ranip Vegetable market,competitor,greengrocer
72.5737904,23.1876995,Amba Cash N Carry,competitor,supermarket
72.5549838,23.0399675,TGB,competitor,bakery
72.5880236,23.0277361,readymadepocket,competitor,clothes
72.5299101,23.045838,Vijay Sales,competitor,supermarket
72.5297042,23.0440516,Shades of Black Spalon,competitor,hairdresser
72.4740109,23.0303355,TKB cake shop,competitor,deli
72.4751813,23.0174425,SoBo Centre,competitor,mall
72.4784116,23.0283451,D Mart,competitor,yes
72.6002491,23.0004179,Shopping ahemadabad,competitor,clothes
72.5783117,23.0331551,,competitor,convenience
72.4820619,22.9868059,The Haqq Factory Store,competitor,supermarket
72.6126258,22.9950238,चिराग़ जवेल्लर्स,competitor,jewelry
72.6136546,23.1925439,B-Mart Supermarket,competitor,supermarket
72.5834326,22.9678866,Bhoomi Textile,competitor,clothes
72.5235517,23.0260246,K R SONS,competitor,jewelry
72.5392037,23.1262799,AMUL store,competitor,yes
72.5296525,23.013976,Murlidhar,competitor,beverages
72.529945,23.0133426,cafe13,competitor,beverages
72.5719973,22.9789749,Noor Mobile Shop,competitor,yes
72.5716124,22.9787675,Ahad mobile repair,competitor,yes
72.570559,22.9785959,Pakiza Pan Parlour,competitor,yes
72.5734667,22.9795173,Chand bakery,competitor,bakery
72.6705656,23.0520663,RIVERLEAF,competitor,clothes
72.4705235,23.0168879,Apple Tree,competitor,department_store
72.4705691,23.0168978,Brillar,competitor,beauty
72.4753327,23.0176285,Avon Thai Spa,competitor,massage
72.4729214,23.016933,Hind Hypermarket,competitor,supermarket
72.6094411,22.999754,,competitor,pet
72.4696501,23.0318964,Maruti Electric,competitor,electrical
72.5244892,23.0265633,Iscon Emporio,competitor,mall
72.5555815,23.1135557,Hind Store,competitor,supermarket
72.4699729,23.0167363,Mahakali,competitor,supermarket
72.4690582,23.0164623,Skyblue,competitor,stationery
72.5449441,23.040378,7Violettes,competitor,bakery
72.5578748,23.0200403,Monte Carlo Exclusive Showroom,competitor,clothes
72.5084185,23.0117186,Monte Carlo Showroom,competitor,clothes
72.5957915,23.1029944,4D Square mall.,competitor,mall
72.5951743,23.1028203,Monte Carlo Exclusive Showroom,competitor,clothes
72.5540638,23.0351743,Monte Carlo Warehouse,competitor,wholesale
72.5546839,23.0210027,SkinYoga,competitor,supermarket
72.5815218,23.0271285,"Ahmedabad Trunk, House of Mg",competitor,clothes
72.5599716,23.0139658,Max Fashion,competitor,clothes
72.5101534,23.0268655,Max Fashion,competitor,clothes
72.5542516,23.0253822,Greenobazaar,competitor,supermarket
72.6378204,22.9963686,Jyoti fiber glass work,competitor,car_parts
72.507652,23.0398457,Jawed Habib Hair Studio,competitor,hairdresser
72.5311643,23.0465691,Jawed Habib Hair Studio,competitor,hairdresser
72.5105743,23.0339711,Sompura Moorti Art,competitor,interior_decoration
72.5848755,22.9790857,Gujarat Handicrafts,competitor,furniture
72.5095604,23.0758568,Gambol,competitor,sports
72.5563764,23.0247142,Decathlon,competitor,sports
72.4684515,23.0158605,MIthai & More,competitor,confectionery
72.562492,23.037796,My My,competitor,clothes
72.5597384,23.0325101,Miniso,competitor,variety_store
72.5573436,23.0269177,Manmandir,competitor,clothes
72.5289085,22.9175047,Varsha Fashion Private Limited,competitor,clothes
72.5596837,23.0313547,Adani Selection,competitor,clothes
72.5750767,23.1766106,,competitor,convenience
72.5753865,23.1760274,,competitor,laundry
72.5797518,23.188413,,competitor,convenience
72.5550503,23.0284321,Patidar,competitor,clothes
72.5577834,23.0276806,Tape Me Ft,competitor,clothes
72.5578597,23.0278177,Telarica,competitor,clothes
72.6368721,23.178689,White House-The Kitchen Store,competitor,yes
72.6041333,22.9930426,The Arvind Store,competitor,clothes
72.5714659,23.0260527,Asopalav,competitor,clothes
72.6081809,22.9971356,Jay Watches & Co.,competitor,watches
72.475034,23.0175068,Shree Bahuchar Studio,competitor,photo_studio
72.6548463,22.9945345,Ramtudi Fashion,competitor,clothes
72.6548463,22.9945345,Ramtudi Fashion,competitor,clothes
72.5066805,23.0269943,Shivalik Shilp,competitor,supermarket
72.4795472,23.0261686,Mercedes Benz Service Center,competitor,car_repair
72.5338759,23.0042556,Leo Packers and Movers Ahmedabad,competitor,yes
72.6639799,23.0464077,RituRaj The Wedding Studio,competitor,clothes
72.4563448,23.0069095,Maruti Hardware & Plywood,competitor,hardware
72.6831131,23.0863499,Capital Security System,competitor,electronics
72.6368855,22.9903525,Gopal Dairy,competitor,dairy
72.6725641,23.0206424,Micro Machine Tools,competitor,supermarket
72.5880349,23.0446678,Reliance mart,competitor,mall
72.5811194,23.0275632,,competitor,Lucky tea shop
72.5256771,23.040802,market,competitor,supermarket
72.6228417,22.9949799,Bharat Dugdhalay,competitor,dairy
72.5107957,23.0338871,JK MEDIRISE Disposable Medical Devices,competitor,supermarket
72.5823813,23.1082895,Bharat Bakery,competitor,bakery
72.5827474,23.108341,Hello Stationary services,competitor,stationery
72.5846468,23.1078617,Hira Misthan,competitor,confectionery
72.5914101,23.1094665,Magson Fresh and Frozen,competitor,confectionery
72.5938955,23.1095409,My Stationaries,competitor,stationery
72.5953445,23.1088755,Jalandhar Sports,competitor,yes
72.5954156,23.1028912,United Colors Of Benetton,competitor,clothes
72.5956392,23.1032208,Titan World,competitor,watches
72.5956096,23.1030052,Will's Lifestyle.,competitor,clothes
72.5942029,23.1020396,Zudio-North Plaza Motera,competitor,yes
72.5946267,23.1023326,Go Colors Clothing,competitor,yes
72.5955664,23.1031162,Puma,competitor,yes
72.5957005,23.1027979,Bata Store,competitor,yes
72.595789,23.1029015,Arrow Clothing Store,competitor,yes
72.6300012,23.1850039,Kreations Hair & Beauty Studio,competitor,hairdresser
72.514597,23.0423693,Permit Shop,competitor,alcohol
72.5766929,23.0318963,Permit Shop,competitor,alcohol
72.5640345,23.030564,Permit Shop,competitor,alcohol
72.5763187,23.0334082,Permit Shop,competitor,alcohol
72.5675435,23.0221573,Permit Shop,competitor,alcohol
72.560205,23.0353514,Permit Shop,competitor,alcohol
72.5048678,23.0106832,Permit Shop,competitor,alcohol
72.5043286,23.01499,Permit Shop,competitor,alcohol
72.5304465,23.0393771,Permit Shop,competitor,alcohol
72.5073271,23.0240019,Permit Shop,competitor,alcohol
72.5121247,23.027837,Permit Shop,competitor,alcohol
72.5841727,23.0653464,Permit Shop,competitor,alcohol
72.5081211,23.0459841,Permit Shop,competitor,alcohol
72.4820573,23.044182,Permit Shop,competitor,alcohol
72.570414,23.0477803,Permit Shop,competitor,alcohol
72.629092,23.1121131,Permit Shop,competitor,alcohol
72.6166076,23.0826062,Permit Shop,competitor,alcohol
72.6549558,23.2145364,,competitor,car
72.5965751,23.01524,10 (Ten) Acres Mall,anchor,supermarket
72.5646439,23.0856343,Shree Aaiji Super Market,anchor,supermarket
72.4718735,23.0307489,Bopal Vegetable Market,anchor,supermarket
72.5914619,23.0843928,,anchor,supermarket
72.5242142,23.0269648,Star Bazaar,anchor,supermarket
72.6169583,23.1972877,Maheshwari kirana and parlour,anchor,supermarket
72.5975122,23.0147236,Big Bazaar,anchor,supermarket
72.5265833,23.0475825,Reliance Smart,anchor,supermarket
72.6711806,23.0552881,DMart,anchor,supermarket
72.5761383,23.0680121,D Mart,anchor,department_store
72.5758088,23.0680414,Relince Digital,anchor,department_store
72.5760578,23.0679571,Arved transcube Plaza,anchor,supermarket
72.6416185,23.0739761,Mahlaxmi papad,anchor,supermarket
72.6414355,23.0731757,Kubernagar Main market - sindhi market,anchor,supermarket
72.5759446,23.0681594,D Mart,anchor,supermarket
72.5737904,23.1876995,Amba Cash N Carry,anchor,supermarket
72.5299101,23.045838,Vijay Sales,anchor,supermarket
72.4751813,23.0174425,SoBo Centre,anchor,mall
72.4820619,22.9868059,The Haqq Factory Store,anchor,supermarket
72.6136546,23.1925439,B-Mart Supermarket,anchor,supermarket
72.4705235,23.0168879,Apple Tree,anchor,department_store
72.4729214,23.016933,Hind Hypermarket,anchor,supermarket
72.5244892,23.0265633,Iscon Emporio,anchor,mall
72.5555815,23.1135557,Hind Store,anchor,supermarket
72.4699729,23.0167363,Mahakali,anchor,supermarket
72.5957915,23.1029944,4D Square mall.,anchor,mall
72.5546839,23.0210027,SkinYoga,anchor,supermarket
72.5542516,23.0253822,Greenobazaar,anchor,supermarket
72.5066805,23.0269943,Shivalik Shilp,anchor,supermarket
72.6725641,23.0206424,Micro Machine Tools,anchor,supermarket
72.5880349,23.0446678,Reliance mart,anchor,mall
72.5256771,23.040802,market,anchor,supermarket
72.5107957,23.0338871,JK MEDIRISE Disposable Medical Devices,anchor,supermarket
72.5432503,23.0085819,Jivraj Mehta Hospital,anchor,hospital
72.5312683,23.0487566,Sterling Hospital Div. Of Addlife Medical Institute Pvt. Ltd.,anchor,hospital
72.5917525,23.0924908,,anchor,hospital
72.5304396,23.0173915,"Medilink Hospital, Ahmedabad",anchor,hospital
72.641845,23.2196609,Civil Hospital,anchor,hospital
72.5679365,23.1039413,Health Center,anchor,hospital
72.5639517,23.0033217,Ahmedabad Institute Of Medical Services (Aims),anchor,hospital
72.56227,23.0090048,Shushtrut Hospital,anchor,hospital
72.5699511,23.0368587,saviour annexe hospital,anchor,hospital
72.5901213,23.0836049,Geeta Maternity Hospital,anchor,hospital
72.5906964,23.0829627,Sabarmati Development Society Sanchalit Sheth Shri Pukhraj Raichand General Hospital,anchor,hospital
72.6107232,23.0389267,GCS Medical College Hospital and Research Centre,anchor,hospital
72.5753408,23.1764265,Amba Health Centre & Hospital,anchor,hospital
72.5363217,23.0997272,vizcare hospital,anchor,hospital
72.5413689,23.0459192,Sunflower Womens Endo Infertility and Hospital Pvt. Ltd.,anchor,hospital
72.533033,23.0460963,little flower,anchor,hospital
72.5418805,23.0457631,May Flower Womens Hospital Pvt. Ltd.,anchor,hospital
72.6074852,23.0494133,"Kidny hospital , asarwa",anchor,hospital
72.6071588,23.0496453,"Gujarat Institute Of Nursing Education And Research , Asarwa ,Ahemedabad",anchor,hospital
72.604565,23.0499136,Government Dental College and Hospital,anchor,hospital
72.6157541,22.99465,Vani Hospital & IVF center,anchor,hospital
72.615422,22.994662,Vani IVF Center,anchor,hospital
72.657885,23.044384,,anchor,hospital
72.5638235,23.0858856,Aalisha Clinic,anchor,hospital
72.5592841,23.0932069,BalMukund Hospital,anchor,hospital
72.5512244,23.0848906,S G Hospital Chandlodiya,anchor,hospital
72.5434079,23.0249306,Planet Women Fertility and Counseling,anchor,hospital
72.5287891,23.0300762,Excel Eye Care,anchor,hospital
72.5700771,23.0576222,Shivam X-ray & Sonography clinic,anchor,hospital
72.6166652,22.9991685,ESIS HOSPITAL,anchor,hospital
72.6193052,22.9992751,Rukshmani Hospital,anchor,hospital
72.6023157,22.995052,Aarna Hospital,anchor,hospital
72.5254109,23.1053006,"Samarpan General Hospital, Ahmedabad",anchor,hospital
72.5928806,23.0495869,Shree Bharti Vallabh Hospital,anchor,hospital
72.6250631,22.9982535,"Kunal Medical Hospital, Ahmedabad",anchor,hospital
72.5339005,23.052184,Nandan Maternity Home,anchor,hospital
72.5374953,23.0501988,"Kalrav Children Hospital, Ahmedabad",anchor,hospital
72.5364487,23.0461279,Cornea Foundation Hospital,anchor,hospital
72.6411603,23.056598,Prathna Surgical And Medical Hospital,anchor,hospital
72.545561,23.0133094,Arihant Fracture and Orthopedic Hospital,anchor,hospital
72.5338505,23.0499504,Chandrabhan Hospital and Gynac Institute,anchor,hospital
72.6335469,23.0856728,"Jeevandeep Hospital, Sardanagar",anchor,hospital
72.567755,23.0383141,"Jagmohan Hospital, Ahmedabad",anchor,hospital
72.5895064,23.0834466,Vasudha Eye Hospital,anchor,hospital
72.6448899,23.0146498,"Dhwani General Hospital, Nursing Home and Materity Home",anchor,hospital
72.6302853,23.0401061,Kakadiya Hospital,anchor,hospital
72.5157067,23.0506982,Samarpan Maternity And Urosurgical Hospital,anchor,hospital
72.5372402,23.0052925,"Sankalp Eye Hospital, Ahmedabad",anchor,hospital
72.6369452,23.0577024,Suvan Eye Care,anchor,hospital
72.6024091,22.9745791,Matrupooja Eye Hospital,anchor,hospital
72.5187524,23.0034352,Shaishav Children Hospital And Neonatal Care Unit,anchor,hospital
72.5258862,23.047633,"Mehta Hospital, Siddhachal",anchor,hospital
72.5789867,23.0333194,Lifecare Emergency Centre,anchor,hospital
72.5641099,23.0133482,Bavishi Hospital,anchor,hospital
72.5591491,23.072936,Poojan Children Hospital And Neonatal Care Centre,anchor,hospital
72.5295308,23.0241738,Shanti Multi Speciality Hospital,anchor,hospital
72.6428381,23.2150357,"Vinayak Orthopaedic Hospital, Pathika S.T. Stand",anchor,hospital
72.537851,23.0589018,Cutis Cosmetic Plastic Surgery Centre,anchor,hospital
72.5261003,23.0228001,Rathi Hospital,anchor,hospital
72.5608322,23.052026,Minal Infertility Clinic and Nursing Home,anchor,hospital
72.5665131,23.0486991,Navkar Surgical Hospital,anchor,hospital
72.5703567,23.0575049,"Navjyot Eye Hospital, Ahmedabad",anchor,hospital
72.5597177,23.014477,Aarna Super Speciality Hospital,anchor,hospital
72.5456992,23.0130378,"Shalin Hospital, Ahmedabad",anchor,hospital
72.5469075,23.0827039,Samata Hospital Pvt.Ltd,anchor,hospital
72.5596547,23.0731495,Amijeet Maternity Hospital,anchor,hospital
72.5333127,23.0471787,Shreeji Orthopaedic And Ent Hospital,anchor,hospital
72.6406024,23.0459742,Anand Hospital and Multispeciality,anchor,hospital
72.5325295,23.0363111,Shivam Orthopaedic and Gynec Hospital,anchor,hospital
72.5838657,23.1148697,Satyam Children Hospital,anchor,hospital
72.5245567,23.0324778,Aakshardeep Eye Hospital,anchor,hospital
72.5611098,23.0674244,"Maruti Orthopedic Hospital, Nava Vadaj",anchor,hospital
72.5695668,23.0467529,Chetna Maternity Home,anchor,hospital
72.5955185,23.0539474,"Akshardeep Orthopaedic Hospital, Shahibaug",anchor,hospital
72.6297381,23.0360347,Tapan Hospital Pvt Ltd,anchor,hospital
72.5209209,23.0502539,Udit Hospital Multi Speciality,anchor,hospital
72.5420675,23.0217867,Saumya Children Hospital and Neonatal Care Center,anchor,hospital
72.5616422,23.0474527,Life Care Institute Of Medical Sciences Research Hospital,anchor,hospital
72.4740118,23.0307499,Vanza Hospital,anchor,hospital
72.5615162,23.0201192,Niyati Ent Hospital,anchor,hospital
72.6297938,23.0361821,"Metalia Hospital and ICCU, Diamond Market",anchor,hospital
72.6254641,23.0352325,Chitrakut Surgical Hospital,anchor,hospital
72.6059912,23.0487003,Jivansudha Heart and Medical Hospital,anchor,hospital
72.5173965,23.0700266,Cims Hospital Private Limieted,anchor,hospital
72.5542313,23.0024291,Sneh Orthopaedic Hospital,anchor,hospital
72.5411409,23.02741,Dr Sanjay Gandhi Hospital,anchor,hospital
72.5914751,23.0997283,Om Pediatric and Neonatal Criticare Hospital,anchor,hospital
72.6644231,23.0605503,Priyal Hospital,anchor,hospital
72.5975604,23.0551196,"Anand Multi Speciality Hospital, Ahmedabad",anchor,hospital
72.5659485,23.0396088,Dr Rupesh Shah Killol Children Hospital,anchor,hospital
72.5906771,23.0494136,"Jeevandeep Hospital, Shashibaug",anchor,hospital
72.518633,23.0034167,Naresh Hospital,anchor,hospital
72.5333825,23.0482276,"Shraddha Surgical Hospital, Ahmedabad",anchor,hospital
72.5887862,23.0462013,Baps Yogiji Maharaj Hospital,anchor,hospital
72.5265187,23.0134377,Gynaecare Women's Hospital,anchor,hospital
72.5608027,23.0521938,Rhythm Cardio Pulmonory Care Centre and Medical Hospital,anchor,hospital
72.6121724,22.9960097,Aarti Surgical Nursing Home,anchor,hospital
72.561315,23.0083964,Navkar Ear Nose Throat Hospital,anchor,hospital
72.6595862,23.0738176,Gitanjali Children Hospital,anchor,hospital
72.5930405,23.1089581,Shilp E.N.T Clinic and Hospital,anchor,hospital
72.4747232,23.0294544,Shreeji Children Hospital,anchor,hospital
72.6528769,23.0730267,Shivam Surgical Hospital,anchor,hospital
72.5577027,23.0172667,Parimal Multispeciality Hospital,anchor,hospital
72.588505,23.1093376,Netra Jyoti Eye and Ent Hospital,anchor,hospital
72.5647707,23.0376566,Shrey Hospital,anchor,hospital
72.5139306,23.0457442,Apex Heart Institute,anchor,hospital
72.5625072,23.0085551,Het Eye Care,anchor,hospital
72.5783663,23.1078991,"Utkarsh Hospital, Ahmedabad",anchor,hospital
72.6222763,23.0334255,"Tilak Hospital (Multispeciality), Ahmedabad",anchor,hospital
72.6336991,23.2054057,Hi Tech Hospital,anchor,hospital
72.630339,23.0362408,"Sagar Orthopaedic Hospital, Bapunagar",anchor,hospital
72.6365779,23.0389968,Kalrav Nenotal And Children Hospital,anchor,hospital
72.5919754,23.0843348,Panchshil Hospital,anchor,hospital
72.5623058,23.0453225,Welcare Women's Hospital,anchor,hospital
72.5474321,23.0411016,Arpan Newborncare Centre,anchor,hospital
72.554928,23.0023106,Sheth Hospital and Maternity Home,anchor,hospital
72.645708,23.0217991,Shubham Ent Hospital,anchor,hospital
72.6252736,23.0348264,Vasundhara Medical Hospital,anchor,hospital
72.5330586,23.0057708,Shridhaj Orthopaedic Hospital,anchor,hospital
72.5252219,23.026235,Clear Vision Eye Hospital (Unit 2),anchor,hospital
72.5628076,23.0664632,"Jatan Children Hospital, Ahmedabad",anchor,hospital
72.566667,23.0604581,Pulse Iccu and Hospital,anchor,hospital
72.5326234,23.0461433,"Shree Raj Hospital, Ahmedabad",anchor,hospital
72.5557615,23.0042154,Lekhadia Hospital,anchor,hospital
72.6450308,23.0123687,Odhav Orthopaedic Hospital,anchor,hospital
72.5667344,23.0686632,Ami-Sagar Hospital,anchor,hospital
72.5589721,23.0074188,Amijyot Eye Hospital,anchor,hospital
72.5887057,23.0826952,Khara Fracture and Orthopaedic Hospital,anchor,hospital
72.5714216,23.0285678,Dr. Dilip Modi Hospital,anchor,hospital
72.5595085,23.0082903,Ratnam Eye Hospital,anchor,hospital
72.6427073,23.0536919,Navjivan Orthopaedic and Maternity Hospital,anchor,hospital
72.6075442,22.9950715,"Akshar Surgical Hospital, Maninagar",anchor,hospital
72.6082537,22.9957344,Synergy Neonatal and Pediatric Centre,anchor,hospital
72.630925,23.0549888,Anand Surgical Hospital Ltd.,anchor,hospital
72.561022,23.0309628,Navneet Memorial Hospital,anchor,hospital
72.5265107,23.0475378,Chandandwar Hospital,anchor,hospital
72.6053086,22.988069,Jhanvi Fracture and Orthopaedic Hospital,anchor,hospital
72.5948212,23.0488268,Chandramani Hospital,anchor,hospital
72.5699088,23.0366258,Chaturbhai Mavawala Kidney Hospital and Laparoscopic,anchor,hospital
72.6079452,22.9995355,Abhishek Hospital and Heart Centre,anchor,hospital
72.535484,23.061092,Dr.Atul Shah Eye Hospital,anchor,hospital
72.5663348,23.0165285,Gandhi Uro Care,anchor,hospital
72.5941667,23.0222866,Dhwani Children Hospital,anchor,hospital
72.5507015,23.059151,Umiya Surgical Hospital,anchor,hospital
72.5626011,23.0183023,Sannidhya Hospital,anchor,hospital
72.5905041,23.0013354,"Jankalyan Hospital, Ahmedabad",anchor,hospital
72.5421546,23.0456916,Livewell Pain & Spine Hospital,anchor,hospital
72.5189468,23.020171,Tulip Women's Hospital,anchor,hospital
72.6090623,22.9997731,"Parimal Hospital, Ahmedabad",anchor,hospital
72.5385243,23.0221879,Jyoti Maternity Hospital,anchor,hospital
72.5554597,23.0328801,"Centre For Sight, Ahmedabad",anchor,hospital
72.5589976,23.0121836,Jyoti Eye Hospital- Phaco Laser Centre,anchor,hospital
72.5601871,23.0012243,Dr Ajay Praful Munshi Surgical Nursing Home,anchor,hospital
72.595249,23.000933,Ratan Hospital,anchor,hospital
72.6207709,23.0562136,"Pooja Hospital, Ahmedabad",anchor,hospital
72.6028711,22.9830966,Shilp Orthopaedics And Trauma Centre,anchor,hospital
72.6009165,22.9990899,Sardar Hosital,anchor,hospital
72.6048513,23.0001972,Clear Vision Eye Hospital (Unit 3),anchor,hospital
72.6038629,22.9961937,Kothari Onco Surgical Hospital,anchor,hospital
72.611707,22.9914752,Nilkanth Hospital,anchor,hospital
72.6125311,22.9906258,Ansuya General Hospital,anchor,hospital
72.6109077,22.9979479,"Aastha Hospital, Ahmedabad",anchor,hospital
72.6118974,22.9957122,Ahmedabad Medical Centre,anchor,hospital
72.6037475,22.9968677,Dr Sunil Shah's Eye Hospital,anchor,hospital
72.6119833,22.9947147,"Kamal Hospital, Ahmedabad",anchor,hospital
72.6039098,22.9956326,Manoramya Children Hospital and Neonatal Centre,anchor,hospital
72.6059188,22.9922814,Lavingia Orthopedic Hospital,anchor,hospital
72.5518066,23.061941,"Nidhi Eye Hospital, Ahmedabad",anchor,hospital
72.5501624,23.0437233,"Panchal Urology Centre, Ahmedabad",anchor,hospital
72.5591853,23.0381253,Hari Urosurgical Hospital and Andrology Centre,anchor,hospital
72.5598854,23.0522888,Usha - Deep Hospital and Nursing Home,anchor,hospital
72.5485202,23.0086507,Bhavasar Eye Hospital and Maternity Nursing Home,anchor,hospital
72.5397232,23.0559588,Devi Hospital,anchor,hospital
72.5438391,23.0471065,Kaizen Hospital,anchor,hospital
72.5338653,23.0462186,Milan Orthopaedic and Fracture Hospital,anchor,hospital
72.53364,23.0544607,Aroma Womens Hospital,anchor,hospital
72.533298,23.0470491,"Jain Hospital And Icu, Ahmedabad",anchor,hospital
72.533251,23.0583588,Shreekrishna Hospital and Health Care Centre,anchor,hospital
72.531753,23.0497418,P.N.Desai Eye Hospital,anchor,hospital
72.5505848,23.0475063,"Jaydeep Hospital, Ahmedabad",anchor,hospital
72.5338753,23.0500997,Sharda Eye Hospital Phaco And Laser Centre - Ahmedabad,anchor,hospital
72.5420346,23.0457299,Shantnam Eye Care Hospital,anchor,hospital
72.5345345,23.0463111,Smruti Fracture Orthopedic Hospital,anchor,hospital
72.5418703,23.0457176,Rajvee Ortho Spine and Child Neuro Hospital,anchor,hospital
72.5334294,23.0492285,Kidney And Urology Hospital,anchor,hospital
72.5305755,23.0529941,"Neil Hospital, Ahmedabad",anchor,hospital
72.5209102,23.0553553,Surveen Children Hospital And Vaccination Centre,anchor,hospital
72.522199,23.0371812,Avataran Eye Hospital and Oculoplasty Clinic,anchor,hospital
72.5271638,23.0311411,Akshay Heart and Medical Hospital,anchor,hospital
72.5716656,23.0481314,"Aalok Hospital, Ahmedabad",anchor,hospital
72.5720197,23.0542867,Dr. Manish Ravals Hospital,anchor,hospital
72.5720304,23.0541596,Harsh Neurosurgical Hospital,anchor,hospital
72.5720505,23.0542275,Bodycare Orthopaedic and Trauma Hospital,anchor,hospital
72.5622028,23.0472984,"Shalin Eyecare Hospital, Ahmedabad",anchor,hospital
72.5703634,23.0575728,"Devasya Kidney and Multi speciality Hospital, Ahmedabad",anchor,hospital
72.5621612,23.0670629,Manshi Multispeciality Hospital,anchor,hospital
72.5590418,23.0728484,"Vardan Eye Hospital, Ahmedabad",anchor,hospital
72.5578952,23.0606194,"Kumud Heart Hospital and Medical Nursing Home, Ahmedabad",anchor,hospital
72.5594985,23.0584236,Matruchhaya Children Hospital,anchor,hospital
72.5500202,23.0643212,Neo Children Hospital,anchor,hospital
72.4742572,23.0296366,"Aastha Orthopaedic Hospital, Ahmedabad",anchor,hospital
72.5559171,23.059201,Aarambh Heart and Medical Hospital,anchor,hospital
72.555565,23.0585945,Sanghvi Hospital,anchor,hospital
72.5555684,23.0585748,Riddhi Maternity Home,anchor,hospital
72.5476894,23.0538437,Lady Care Womens Hospital Child Care,anchor,hospital
72.5562818,23.0586143,Ankur Superspeciality Hospital,anchor,hospital
72.6008186,23.0549308,Jeel Children Hospital And Neonatal and Vaccination Center,anchor,hospital
72.6389033,23.0127168,Divya Jeevan Medical Hospital,anchor,hospital
72.5589064,23.0073805,Sanket Children Hospial,anchor,hospital
72.5912216,23.0834799,Sivmm Kidney Hospital,anchor,hospital
72.6013067,23.0527257,U. N.Mehta Institute Of Cardiology and Research Centre,anchor,hospital
72.5959396,23.0544261,Shreeji Neonatal and Child Care,anchor,hospital
72.5920974,23.0870576,Sharda Eye Hospital,anchor,hospital
72.5264731,23.0133822,Urva Children Hospital and Neonatal Care,anchor,hospital
72.5211865,23.0405047,Arthro Care Hospital,anchor,hospital
72.5654282,23.0471775,Kheteswar Medical Educational and Research Centre Hospital,anchor,hospital
72.5609992,23.0521364,Shail Eye Hospital,anchor,hospital
72.5697197,23.052411,Shah Hospital - Vadaj,anchor,hospital
72.5586167,23.0194415,"Sarthak Orthopaedic Hospital, Parimal Crosssing",anchor,hospital
72.5922891,23.0872193,Dhruvi ENT Hospital,anchor,hospital
72.5304092,23.0134142,Sarvamangal Women Hospital,anchor,hospital
72.5660652,23.0259277,Stavya Spine Hospital and Research Institute,anchor,hospital
72.6305442,23.0855562,"Kothari Hospital, Ahmedabad",anchor,hospital
72.5352037,23.0604405,"Gurukrupa Hospital, Ahmedabad",anchor,hospital
72.4775523,23.0283086,Laxmi Heart and Medical Hospital,anchor,hospital
72.5298151,23.0162743,"Navkar Children Hospital, Ahmedabad",anchor,hospital
72.5623262,23.0088754,Dr Chirag M Desai Eye Care,anchor,hospital
72.6491037,23.2157197,Mukund Eye Hospital,anchor,hospital
72.4717694,23.0315422,Bopal Multispeciality Hospital,anchor,hospital
72.549178,23.0526874,Mother's Maternity and Nursing Home,anchor,hospital
72.518924,23.0034068,Nanavati Maternity Hospital,anchor,hospital
72.4773833,23.0283536,Vaishali Hospital,anchor,hospital
72.6386267,23.0045749,"Gujarat Hospital, Ahmedabad",anchor,hospital
72.6398085,23.0619138,Aadya Eye and Ent Hospital,anchor,hospital
72.5725166,23.0217016,Karnavati Hospital Pvt. Ltd.,anchor,hospital
72.6429936,23.2147805,Narayani E N T Hospital,anchor,hospital
72.6659513,23.1018186,"Gayathri Hospital, Ahmedabad",anchor,hospital
72.5447845,23.0060128,"Dev Hospital, Vasna",anchor,hospital
72.6416056,23.0518255,Rukshmani Surgical Hospital,anchor,hospital
72.6442704,23.0379081,Sanket Children's Speciality Hospital,anchor,hospital
72.6575299,22.999875,Hariom Multispeciality Hospital,anchor,hospital
72.5912485,23.0838969,Neelkamal Hospital Pvt Ltd (Pooja Hospital),anchor,hospital
72.6422949,23.0638912,"Trupti Hospital, Saijpur",anchor,hospital
72.5623074,23.0454856,Deep Urosurgical Hospital,anchor,hospital
72.5557816,23.0060905,Sannidhya Eye Hospital,anchor,hospital
72.6398112,23.0604664,Karnavati Super Speciality Hospital,anchor,hospital
72.5263832,23.0133562,Shyamal Orthopaedic Hospital,anchor,hospital
72.5891134,23.0981234,Sanskar Heart Care And Medical Hospital,anchor,hospital
72.5692952,23.0576184,Vadaj Orthopaedic Hospital,anchor,hospital
72.5532469,23.0403424,Sahjanand Eye Care Hospital,anchor,hospital
72.5553042,23.0328949,Maniar Hospital,anchor,hospital
72.5505567,23.0021131,Manish Eye Hospital - Ahmedabad,anchor,hospital
72.6544695,23.0763407,Parvati Jadav Hospital,anchor,hospital
72.622926,23.0302148,"Matru Hospital, Ahmedabad",anchor,hospital
72.546536,23.0006799,"Matoshree Hospital, Ahmedabad",anchor,hospital
72.5290078,23.0371183,Aashwi E.N.T.Hospital,anchor,hospital
72.5980747,23.1067781,Pushpa Children Hospital and Neonatal Care,anchor,hospital
72.5556147,23.0469542,Aarogyam Speciality Hospital,anchor,hospital
72.5591303,23.0713999,Trisha Trauma Centre and Icu,anchor,hospital
72.6195304,22.979135,Shreejee Hospital,anchor,hospital
72.5245995,23.0130681,Sanjivani Maternity,anchor,hospital
72.5681533,23.0162681,Dr. Devendra Kanaiyalal Hospital and Nursing Home,anchor,hospital
72.5740326,23.079662,Harsiddh Hospital,anchor,hospital
72.5638162,23.0152127,Gheewala Hospital,anchor,hospital
72.533758,23.046184,Rushabh Uro Hospital,anchor,hospital
72.5360284,23.0594844,Vallabh Surgical Hospital,anchor,hospital
72.6097913,22.9980056,Dr. Shurti Ent Hospital,anchor,hospital
72.6291548,22.9933987,Babycare Children Hospital and Neonatal Centre,anchor,hospital
72.6309961,23.0388744,Venkaria Ortho Hospital,anchor,hospital
72.55688,23.0183331,Diva Eye Institute Hospital,anchor,hospital
72.5584531,23.0186294,Khush Eye Hospital,anchor,hospital
72.5233135,23.0250378,Sangini Hospital,anchor,hospital
72.5431028,23.0694294,Aneri Children Hospital,anchor,hospital
72.5911814,23.0838463,Divya Jyot Eye Hospital,anchor,hospital
72.5498479,23.0241454,Eye Care Hospital Pvt. Ltd.,anchor,hospital
72.5640978,23.0519939,Raj Ent Hospital,anchor,hospital
72.5616597,23.0461976,Valu Hospital,anchor,hospital
72.5815442,23.1204422,Satyamev Hospital,anchor,hospital
72.5374903,23.0047117,Polio Foundation,anchor,hospital
72.5567982,23.0070978,Archit Orthopaedic Hospital,anchor,hospital
72.6422057,23.063798,"Saraswati Eye Hospital, Ahmedabad",anchor,hospital
72.5413272,23.0218028,"Bavishi Eye Hospital, Ahmedabad",anchor,hospital
72.6591285,23.000075,"Shreedhar Hospital, Ahmedabad",anchor,hospital
72.560572,23.0176604,Aash Arthoscopy Centre,anchor,hospital
72.6359045,22.9997985,"Ashirwad Surgical Hospital, C.T.M",anchor,hospital
72.5319609,23.0256722,Sushri Jasumatiben Shantilal Surti Charitable General Hospital,anchor,hospital
72.5988331,23.0095864,Dr. Shailesh Shah Surgical Hospital and End. Clinic,anchor,hospital
72.5582828,23.0472527,"Vrundavan Hospital, Ahmedabad",anchor,hospital
72.5956231,23.0538573,Arihant Heart And Medical Hospital,anchor,hospital
72.5626293,23.0109689,"Shaurya Hospital, Ahmedabad",anchor,hospital
72.595426,23.0539511,Sparsh Netralaya,anchor,hospital
72.5901327,23.0048092,"Parth Eye Hospital, Ahmedabad",anchor,hospital
72.67597,23.0395285,"Swastik Hospital, Ahmedabad",anchor,hospital
72.5457716,23.0129094,Navkar Hospital,anchor,hospital
72.5697277,23.1029936,"Pushpam Hospital, Ahmedabad",anchor,hospital
72.5839046,23.0669765,"Swari Ent Hospital, Ahmedabad",anchor,hospital
72.4414712,23.0239294,Krishna Shalby Hospital,anchor,hospital
72.5335769,23.0063905,"Sagar Hospital, Ahmedabad",anchor,hospital
72.5268432,23.0259215,Chhabra Eye Hospital,anchor,hospital
72.5337875,23.0482795,"Vatsalya Children Hospital, Ahmedabad",anchor,hospital
72.5275755,23.0255723,Aastha Eye Hospital,anchor,hospital
72.524609,23.0827619,Gmers Medical College Hospital,anchor,hospital
72.5594562,23.0354102,"Super Surgical Hospital, Ahmedabad",anchor,hospital
72.5631899,23.0672085,Krishna Hospital and ICCU,anchor,hospital
72.5253627,23.0137315,Satellite Orthopaedic Hospital And Research Centre Pvt Ltd,anchor,hospital
72.5658171,23.0070435,Chirayu Orthopaedic and Spine Hospital,anchor,hospital
72.5777945,23.0400753,Adwait Ent Hospital,anchor,hospital
72.5637853,23.013039,"Long Life Hospital, Ahmedabad",anchor,hospital
72.5313695,23.0239912,"Mamta Children Hospital, Ahmedabad",anchor,hospital
72.57069,23.0373342,Shantilal Parikh Hospital and Check Up Clinic,anchor,hospital
72.566613,23.0671493,Dr.Anil V.Patel Eye Hospital,anchor,hospital
72.6049981,23.0442336,Sharda Clinic and Hospital,anchor,hospital
72.5606538,23.0188639,Dr.Joshi Maternity And Gynec Hospital,anchor,hospital
72.5260802,23.0263782,Dr.Nagoris Institute Hospital,anchor,hospital
72.5917406,23.0017415,Dr.Soneji Hospital,anchor,hospital
72.5907777,23.0557144,Eye Research Centre And Retina Foundation,anchor,hospital
72.5719513,23.0232494,Dr. Manoj Tank E.N.T. Hospital,anchor,hospital
72.6573488,23.0496493,"Prasad Hospital, Ahmedabad",anchor,hospital
72.6467058,23.2117744,Dr Deepak Mehta Surgical Hospital And Nursing Home,anchor,hospital
72.6450951,23.0099185,Rangam Multispeciality Hospital,anchor,hospital
72.5629491,23.0662892,Astha Orthopedic and Spine Hospital,anchor,hospital
72.5849734,23.1105464,Amrut Arogyadham Medical Hospital,anchor,hospital
72.5178203,23.0125983,Rushabh Medi-Surge Hospital Pvt Ltd,anchor,hospital
72.6002379,23.0520957,Jay Orthopaedic Hospital,anchor,hospital
72.5621706,23.0411786,Pramukh Neurosurgical Hosptial,anchor,hospital
72.5905082,23.0042895,"Trupti Heart and Medical Hospital, Ahmedabad",anchor,hospital
72.5624844,23.0472453,Aash Surgical Hospital,anchor,hospital
72.5465682,23.010948,Kanchi Orthopaedic Hospital,anchor,hospital
72.633166,23.2045854,Shashvat Hospital,anchor,hospital
72.6285593,23.0993792,"Kanoria Hospital And Research Centre, Gandhinagar",anchor,hospital
72.5355001,23.0603035,Shree Mahavir Mutlispeciality Hospital and Icu,anchor,hospital
72.5666606,23.0803277,Jainee Surgical Hospital,anchor,hospital
72.5390634,23.0767892,Shri Rang Hospitaland Research Centre,anchor,hospital
72.5659271,23.0402678,Brain and Spine Hospital,anchor,hospital
72.5545666,23.0099407,Bodyline Hospitals,anchor,hospital
72.6429212,23.0672116,"Siddhi Hospital, Ahmedabad",anchor,hospital
72.5306962,23.0620742,Om Children Hospital,anchor,hospital
72.532901,23.0057153,Samkit Hospital Icu and Iccu,anchor,hospital
72.5667264,23.0169692,Vrundavan Children Hospital,anchor,hospital
72.6383065,23.0392262,"Netra Raksha Hospital, Thakkarbapa Nagar",anchor,hospital
72.634133,23.0567152,Shivam Heart and Medical Hospital,anchor,hospital
72.5332966,23.0583008,"Shashwat Hospital and Research Center, Ahmedabad",anchor,hospital
72.5520748,23.0043253,"Aditya Hospital, Ahmedabad",anchor,hospital
72.5638765,23.0152967,Krupanidhi Hospital,anchor,hospital
72.5348282,23.0499602,"Aditya Eye Hospital, Ahmedabad",anchor,hospital
72.611884,22.978619,"Joitiba General Hospital, Ahmedabad",anchor,hospital
72.6321253,22.9926876,Anoop Children Hospital,anchor,hospital
72.5337466,23.0462322,Aayush Surgical Hospital,anchor,hospital
72.5368439,23.0731297,"J J Hospital, Ahmedabad",anchor,hospital
72.5539094,23.0176617,Dr. Rajiv Thakores Hospital,anchor,hospital
72.5493899,23.0561654,Chikhalkar Hospital and Iccu,anchor,hospital
72.5595984,23.0379772,The Holistic Medical Centre Ayulink Ayurveda Hospital,anchor,hospital
72.632124,22.9926333,Aniket Ent Hospital,anchor,hospital
72.5896941,23.082678,Amruta Hospital and Heart Centre,anchor,hospital
72.6439887,23.0381006,Hari Krishna Uro Surgical Hospital,anchor,hospital
72.5315224,23.0632822,Aditya Multi-Speciality Hospital,anchor,hospital
72.6388442,23.0208659,Vatsalya Neonatal and Children Hospital,anchor,hospital
72.5125068,23.0745277,Motherhood Womens and Child Care Hospital,anchor,hospital
72.595257,23.0024575,Arpan Orthopedic and Trauma Hospital,anchor,hospital
72.5458769,23.0199254,Jarmarwala Hospital,anchor,hospital
72.5806028,23.0098432,Pearl Eye Hospital,anchor,hospital
72.6149404,23.0310362,Shushilaben Neonatal And Child Care Centre,anchor,hospital
72.5914161,23.0844866,Shree Aman Hospital,anchor,hospital
72.5286249,23.0460902,Rainbow Super Speciality Children's Hospital,anchor,hospital
72.5889122,23.0837834,"Parth Hospital, Ahmedabad",anchor,hospital
72.5647576,23.0602795,"Gayatri Heart And Medical Hospital, Bhimjipura",anchor,hospital
72.5563677,23.0066966,Sanghavi Hospital Pvt. Ltd.,anchor,hospital
72.6141009,22.9947616,Pallav J M Desai Memorial Hospital (Better Health Pvt.Ltd.),anchor,hospital
72.5544217,23.0029958,"Parth Surgical Hospital, Ahmedabad",anchor,hospital
72.6132895,23.1924861,Sanjivani Heart And Medical Hospital - Gandhinagar,anchor,hospital
72.5218208,23.0277853,"Jalaram Hospital, Ahmedabad",anchor,hospital
72.5709508,23.0464247,Kruti Orthopedic Hospital,anchor,hospital
72.5964291,23.0547211,Jariwala Women's Hospital,anchor,hospital
72.6334758,23.0031785,Rukshmani Medical Hospital,anchor,hospital
72.5227287,23.0705004,HCG Cancer Centre,anchor,hospital
72.6029496,23.0544878,Zeal Maternity And Nursing Home,anchor,hospital
72.6021999,22.980618,Vraj Hospital and Heart Care Center,anchor,hospital
72.51789,23.0126292,Sahjanand Orthopaedic Hospital,anchor,hospital
72.5592698,23.0421276,Jaju Plastic Surgery Center,anchor,hospital
72.6074664,22.9947925,Raghuvir Eye Hospital,anchor,hospital
72.5837892,23.0663608,Shachi Women's Hospital,anchor,hospital
72.6251891,22.9989479,"Palak Hospital, Ahmedabad",anchor,hospital
72.6059926,23.0487768,Anand Children Hospital Neonatal Intensive Care,anchor,hospital
72.5712056,23.0477933,Patel E.N.T Hospital,anchor,hospital
72.5260091,23.0318187,Rosemaarry Womens Hospital,anchor,hospital
72.5903244,23.0837698,Sanjivan Heart and Medical Hospital,anchor,hospital
72.5360379,23.0592152,Sainath Orhtopaedic Hospital,anchor,hospital
72.6445547,23.0380179,Sardar Hospital,anchor,hospital
72.5615551,23.0200612,Shree Harikrupa Hospital,anchor,hospital
72.5642668,23.0202065,Amardeep Multispeciality Children Hospital,anchor,hospital
72.5642949,23.0288615,HCG Multi Specialty Hospital,anchor,hospital
72.6068804,22.9949308,Palak Eye Hospital,anchor,hospital
72.6197255,22.9994812,Rukshmani Government Hospital,anchor,hospital
72.6468533,23.0504316,Rugved Multispeciality Hospital,anchor,hospital
72.6079211,22.9978986,Ashirwad Children and Eye Hospital,anchor,hospital
72.6391487,23.0237122,Ayushman Medical Hospital and Dignosis Center,anchor,hospital
72.6098563,22.9980843,"Ravi Surgical Hospital, Ahmedabad",anchor,hospital
72.435679,23.0347264,College of Dental Sciences and Research Hospital,anchor,hospital
72.625165,22.9981609,Shrreeji Surgical Hospital,anchor,hospital
72.5175279,23.002323,Shreyas Speciality Hospital,anchor,hospital
72.5467211,23.0021551,"Rugveda Practur and Orthopaedic Hospital, Ahmedabad",anchor,hospital
72.594506,23.049363,Kalptaru Hospital,anchor,hospital
72.5696392,23.0364864,Sukhmani Hospital / Saviour Annexe Hospital,anchor,hospital
72.6429145,23.0540923,"Setu Surgical Hospital, Ahmedabad",anchor,hospital
72.5701462,23.0578122,Auro Ent Hospital,anchor,hospital
72.5189053,23.0034741,"Swastik Surgical Hospital And Dental Clinic, Ahmedabad",anchor,hospital
72.5615242,23.046015,"Sanjivani Eye Hospital and Phaco Centre, Ahmedabad",anchor,hospital
72.5356453,23.0595717,"Sanjeevani Hospital, Ahmedabad",anchor,hospital
72.5643083,23.0288813,Hcg Medi-Surge Hospitals Private Limited,anchor,hospital
72.5161432,23.0389016,The Vitreoretina Clinic and Eye Hospital,anchor,hospital
72.5256523,22.9931604,Mahin Lifecare Services Pvt.Ltd,anchor,hospital
72.5590798,23.0728893,Jay Umiya Hospital,anchor,hospital
72.6388644,23.0395124,Aarna Medical Hospital,anchor,hospital
72.5958726,23.0544298,Akshar Krupa Hospital,anchor,hospital
72.5591692,23.0729002,Siddhi Heart and Medical Hospital,anchor,hospital
72.5273097,23.0369328,"Ashish Orthopaedic Hospital, Ahmedabad",anchor,hospital
72.5701541,23.0578196,Sanjivani Heart and Medical Hospital (Ahmedabad),anchor,hospital
72.5174716,23.036039,Raksha Hospital Pvt Ltd,anchor,hospital
72.6028262,23.0526578,B.J. Medical College Hospital,anchor,hospital
72.6080297,23.0500108,Government Spine Institute Hospital,anchor,hospital
72.5997604,22.9798932,"Parth Eye Hospital, Isanpur",anchor,hospital
72.595823,23.0545187,Austmangal Surgical Hospital,anchor,hospital
72.643695,23.0626344,Rudraksh Hospital,anchor,hospital
72.5449569,23.0246015,Babul E.N.T. Hospital,anchor,hospital
72.6121093,22.9956523,Dr Dipak C Shah E N T Hospital,anchor,hospital
72.5663294,23.0476847,"Adarsh Hospital, Ahmedabad",anchor,hospital
72.5971761,22.9834237,Swapn Healthcare Hospital Pvt. Ltd,anchor,hospital
72.6428729,23.0543583,"Navjivan Maternity and Orthopaedic Hospital, Ahmedabad",anchor,hospital
72.6355197,22.9979961,Nadkarni's 21St Century Hospitals Pvt Ltd,anchor,hospital
72.5624067,23.0463124,J.Chirag Surgical Hospital,anchor,hospital
72.5380576,23.0812863,Shri Yogeshwar General Hospital,anchor,hospital
72.5599363,23.0059807,Navkalp Children Hospital,anchor,hospital
72.5861375,23.0272274,Memon Ent Hospital,anchor,hospital
72.5372905,23.0592497,"Shaishav Children Hospital, Ahmedabad",anchor,hospital
72.6331285,23.0388164,Shiv Jyoti Eye Hospital,anchor,hospital
72.5621974,23.010174,Dr. Atul H Kansara `S (E.N.T) Hospital,anchor,hospital
72.5481668,23.0016415,Aneri Surgical and Neuro Surgical Hospital,anchor,hospital
72.4779037,23.0288344,Bopal Eye Care Centre,anchor,hospital
72.5378671,23.0590239,Devam Orthopaedic Hospital,anchor,hospital
72.5964653,23.0539659,Reshambhai Fertility Hospital,anchor,hospital
72.6299769,23.2127432,"Gayatri Hospital, Gandhinagar",anchor,hospital
72.5987479,22.9809304,"Dr, Nayan V Shah Surgical Hospital",anchor,hospital
72.5581983,23.0405319,"Samved Orthopaedic Hospital, Ahmedabad",anchor,hospital
72.603419,22.9872011,Shlok Medical and Heart Hospital,anchor,hospital
72.5543117,23.0403048,Cheers Interventional Pain Management Hospital,anchor,hospital
72.6016447,23.0482079,"Narang Eye Hospital, Munohwa By Pass Chowk",anchor,hospital
72.595717,23.0029007,Vishwa Medical And Heart Hospital,anchor,hospital
72.6183012,23.0017465,"Vivek Children Hospital, Khokhara",anchor,hospital
72.5465441,23.0100246,Prabhujyot Inst. Of G.I. Endoscopy and Laproscop,anchor,hospital
72.5325832,23.0066954,Vatsalya Gynec Hospital,anchor,hospital
72.6527891,23.0730767,Vikas Medical and Heart Hospital,anchor,hospital
72.5857745,23.167703,Government hospital Adalaj,anchor,hospital
72.6752123,22.89509,Dhawal General Hospital,anchor,hospital
72.5304455,23.0638572,Tirtham Surgical and Laparoscopic Centre,anchor,hospital
72.5670958,23.0127576,Peshant House Hospital,anchor,hospital
72.5436446,23.0209844,Jagdish Orthopadic Hospital,anchor,hospital
72.5598545,23.0402147,Vedanta Institute Of Medical Sciences Hospital,anchor,hospital
72.5045286,23.1224896,Lions Karnavati Shantaben Vishnubhai Patel Eye Hospital,anchor,hospital
72.5838912,23.1146062,Shree Sai Children Hospital,anchor,hospital
72.4773597,23.0269892,Devasya Superspeciality Kidney Institute and Research Centre,anchor,hospital
72.611577,22.9873418,"Ashirwad Hospital, Ahmedabad",anchor,hospital
72.6213037,23.0809819,"Shivam Medical Hospital, Sardar Nagar",anchor,hospital
72.6247528,22.9985353,Yogiji Medical Hospital,anchor,hospital
72.6502608,23.0436594,Aagman Maternity and Gynec Hospital,anchor,hospital
72.5305813,23.062087,Netram Care Eye Hospital,anchor,hospital
72.5697332,23.0226864,Jaliyan Orthopaedic Hospital,anchor,hospital
72.5753262,23.0790988,Tejal Eye Hospital,anchor,hospital
72.6440035,23.0377884,Ano Care Hospital,anchor,hospital
72.5629216,23.0663546,Dr.Saurabh Shah Orthopaedic Hospital,anchor,hospital
72.5964358,23.054805,"Adinath Hospital, Ahmedabad",anchor,hospital
72.5482339,23.0022835,"Shreyas Orthopedic Hospital, Vasna",anchor,hospital
72.5362967,23.0072423,Chintan Orthopaedic Hospital,anchor,hospital
72.6426671,23.0650523,Akshar Eye Hospital,anchor,hospital
72.5472508,23.0249533,Dr. Trivedis Arthroscopy Clinic And Hospital,anchor,hospital
72.5189187,23.0034513,"Spandan Hospital, Ahmedabad",anchor,hospital
72.6491044,23.0114874,Kuvar Ba General Hospital,anchor,hospital
72.5679736,23.0804356,Vinayak Children Hospital-Ahmedabad,anchor,hospital
72.6016849,23.0489292,Rachana Hospital,anchor,hospital
72.6583895,23.0405269,Kalrav Maternity Hospital and Sonography Centre,anchor,hospital
72.5911881,23.0839074,Aashirwad Surgical Hospital and Nursing Home,anchor,hospital
72.5479455,23.0016292,Dr. Sejal Desai Eye Hospital,anchor,hospital
72.5253251,23.0220336,Vishwa Ent Hospital,anchor,hospital
72.5629203,23.014419,Navkar Plastic Surgery Hospital,anchor,hospital
72.6562531,22.996806,Shukan Maternity Home,anchor,hospital
72.6338285,22.9914333,Rajni Women's Hospital and Research Centre,anchor,hospital
72.5303878,23.0136587,Gujrat Child Care Hospital,anchor,hospital
72.5329319,23.0058276,"Jain Hospital and Icu, Jivraj Park",anchor,hospital
72.5638269,23.0152707,Saraiya Plastic Surgery And Burns Hospital,anchor,hospital
72.5622276,23.0090414,"Sushrut Hospital, Ahmedabad",anchor,hospital
72.5435185,23.0213053,Rushil Cancer And Endocrine Care,anchor,hospital
72.5572944,23.0193453,Shyam Urological Hospital,anchor,hospital
72.6426845,23.064969,Smt Shobhadevi Ent Hospital,anchor,hospital
72.5362779,23.0185504,Gujarat Institute Of Psnchological Sciences Hospit,anchor,hospital
72.5243381,23.0157929,Abhisek Maternity and Nursing Home,anchor,hospital
72.5667813,23.0168791,Nishant E N T Hospital,anchor,hospital
72.5576954,23.0175456,"Siddhivinayak Hospital, Ahmedabad",anchor,hospital
72.5377853,23.0626813,Sitababa Hospital,anchor,hospital
72.5904116,23.0054634,Smruti Hospital,anchor,hospital
72.6105885,22.979024,Raj Maternity Home,anchor,hospital
72.5969093,23.0552899,The Gujarat Research and Medical Institute ( Rajasthan Hospital),anchor,hospital
72.5551459,23.0030081,Clear Vision Eye Hospital( Unit 1),anchor,hospital
72.469625,23.0166336,Sannidhya Hospital,anchor,hospital
72.5689566,23.040701,Dr J J Vora Memorial General Hospital,anchor,hospital
72.6064526,23.0041352,"Siddhi Vinayak Hospital, Ahmedabad",anchor,hospital
72.6406256,23.2149386,"Navjivan Hospital, Gandhinagar",anchor,hospital
72.5428694,23.0696614,Aastha Eye Care Centre,anchor,hospital
72.635415,23.0395927,Raghukul Ortho Hospital,anchor,hospital
72.6388724,23.0129625,Rajput Eye Hospital,anchor,hospital
72.6183441,23.0028217,Het Childcare Hospital,anchor,hospital
72.6284051,23.0328727,Madhuram Surgical Hospital,anchor,hospital
72.6449161,23.0147326,Dhwani General Hospital Nursing Home and Maternity Home,anchor,hospital
72.5822818,23.1154284,"Shreyas Orthopedic Hospital, Ahmedabad",anchor,hospital
72.6062142,23.0487456,Sanjeevani Fracture andAccident Hospital,anchor,hospital
72.628334,23.0869528,Gujarat Research And Medical Institute Hospital,anchor,hospital
72.6412113,23.0633896,Chirayu Surgical Hospital,anchor,hospital
72.5572461,23.0193008,Netralaya-The Eye Associates,anchor,hospital
72.5629981,23.0671591,Gayatri Childrens Hospital,anchor,hospital
72.5952208,23.0031649,Neha Children Hospitals and Neonatal Centre,anchor,hospital
72.5659411,23.0396353,Kavit Urosurgical Hospital,anchor,hospital
72.5358622,23.0598309,Auroma Ent Hospital,anchor,hospital
72.4732058,22.9870335,Sahyog General Hospital and Nursing Home,anchor,hospital
72.6367199,23.0048808,Jayshri Medical Hospital,anchor,hospital
72.6041847,23.0489175,Radha Krishna Hospital,anchor,hospital
72.5586636,23.0473058,Bhadra Clinic Hospital,anchor,hospital
72.6068388,22.9970288,V and M Orthopaedic Centre,anchor,hospital
72.5604916,23.0519544,"Anand Eye Hospital,(Dr. Rohit Desai)",anchor,hospital
72.5714269,23.0187158,Smt.NHL Municipal Medical College Hospital,anchor,hospital
72.5641722,23.0520284,Killol Children Hospital,anchor,hospital
72.5665225,23.016489,Gujrat Diagnostic Center and Pathology Laboratory,anchor,hospital
72.5988793,23.0094926,Giriraj Orthopaedic Hospital,anchor,hospital
72.5468244,22.9998935,"Kiran Surgical Hospital, Ahmedabad",anchor,hospital
72.5454128,23.027216,Amdawad Eye Laser Hospitals Pvt Ltd,anchor,hospital
72.5191879,22.9928112,Amena Khatun General Hospital,anchor,hospital
72.627894,23.201649,Government Hospital Sector-3A,anchor,hospital
72.593685,23.019646,Shree Umiya Multi Speciality Hospital,anchor,hospital
72.585958,22.999361,Vahedi Hospital,anchor,hospital
72.5912646,22.9634073,Jankalyan Janaseva Hospital,anchor,hospital
72.609198,22.997277,Shruti ENT Hospital,anchor,hospital
72.610435,22.997459,Child Care Surgical Hospital,anchor,hospital
72.5946245,23.0234972,Mamta Maternity Home,anchor,hospital
72.597401,23.018949,LM Referral Hospital,anchor,hospital
72.5900772,23.0210847,Mysorewala Surgical Hospital,anchor,hospital
72.611857,22.988104,"Avishkar Multi Speciality, ICU and Trauma Centre",anchor,hospital
72.596633,23.028639,Shree Jee Eye and Orthopedic Hospital,anchor,hospital
72.6003159,22.9995851,Chanchalba Maternity Hospital,anchor,hospital
72.600585,22.998028,Dr. Ramanlal Hospital,anchor,hospital
72.6063718,22.9970061,Kilu ENT Hospital,anchor,hospital
72.595118,23.005749,Bhanu Jit Maternity and Nursing Home,anchor,hospital
72.591737,23.02645,Chhapan Hospital,anchor,hospital
72.5893488,22.9666916,Shree Shakti General Hospital,anchor,hospital
72.607654,23.002052,Artificial Eye Surgery,anchor,hospital
72.5933157,23.029419,Pinakin Dalal Hospital,anchor,hospital
72.588856,22.981501,Maryam Hospital,anchor,hospital
72.616878,22.984428,Gurunanak Hospital,anchor,hospital
72.5884667,22.9947749,Hazrat Amina BIbi Hospital,anchor,hospital
72.583296,23.006527,Sambhav General Hospital,anchor,hospital
72.608195,23.000266,Kushi Women Hospital,anchor,hospital
72.601663,22.9969506,Mithakhali Stavya Hospital,anchor,hospital
72.5903719,22.9646691,Narol ICU and Multi Speciality Hospital,anchor,hospital
72.593349,23.019026,Jatan Children Hospital,anchor,hospital
72.607322,22.993645,Little Flower Neonatal and Pediatric Super Speciality Hospital,anchor,hospital
72.608657,22.996403,Parikh Orthopedic Hospital,anchor,hospital
72.597732,23.023421,Divya Children's Hospital,anchor,hospital
72.598982,23.024842,Chinubhai Baronet Hospital,anchor,hospital
72.596416,23.003436,Navdeep Hospital,anchor,hospital
72.587951,23.012988,Hindu Muslim Ekta Trust Hospital,anchor,hospital
72.592461,23.029011,Dr. Tanumati Shah Hospital,anchor,hospital
72.585876,23.009168,Munsipal Hospital,anchor,hospital
72.5934357,22.9646606,Mediclaim Hospital,anchor,hospital
72.6075168,22.9949326,Maya Maternity Hospital,anchor,hospital
72.587351,23.015985,Chhipa Welfare Trust Hospital,anchor,hospital
72.5908296,23.0151021,TB Hospital,anchor,hospital
72.587214,23.02691,Jay Orthopedic Hospital,anchor,hospital
72.609335,22.997027,Sharda Surgical Hospital,anchor,hospital
72.5919014,23.0259793,Sheth Jamnabhai Bhagubhai Trust,anchor,hospital
72.6037424,23.0003225,Shivam Children Hospital and Pediatric Critical Care Centre,anchor,hospital
72.5905625,23.0293947,Parijat Children Hospital,anchor,hospital
72.5917151,23.0058864,Aaditya Spine Hospital,anchor,hospital
72.5877721,23.0012666,Safal Children Hospital,anchor,hospital
72.590532,22.9644685,Janani Women and Children Hospital,anchor,hospital
72.608487,23.000081,Devam Hospital,anchor,hospital
72.612253,22.954141,Matru Chhaya Hospital,anchor,hospital
72.600519,22.983088,Remedy Hospital,anchor,hospital
72.624931,22.966305,Sparsh Multi Speciality Hospital,anchor,hospital
72.6010063,22.9768837,Dirgayu Orthopedic Hospital,anchor,hospital
72.611161,22.981475,Suman Hospital,anchor,hospital
72.615888,22.953285,Kashiba General Hospital,anchor,hospital
72.617867,22.967894,Vimala Hospital,anchor,hospital
72.604727,22.971831,Doctor Bhatt's Hospital,anchor,hospital
72.5931204,22.9704828,Medicure Hospital,anchor,hospital
72.592925,22.977063,Ratan Hospital,anchor,hospital
72.611594,22.974308,Smruti Multi Speciality Hospital,anchor,hospital
72.6244409,22.9515073,Harsh Hospital,anchor,hospital
72.5983418,22.979498,Shakur Children Hospital,anchor,hospital
72.6159949,22.9664477,Abhinav Hospital,anchor,hospital
72.5760578,22.9339127,Lambha Skin Hospital,anchor,hospital
72.601692,22.975087,Chiranjeevi Hospital,anchor,hospital
72.601175,22.979475,Ashirvad Hospital,anchor,hospital
72.61044,22.963029,Roshan General Hospital,anchor,hospital
72.6028164,22.9831626,Jyoti Eye Care Hospital,anchor,hospital
72.6024947,22.9857798,Dr. Pandya's Maternity Nursing Home,anchor,hospital
72.610165,22.978896,Eye Sight Vision Care Hospital,anchor,hospital
72.5969418,22.9797902,New Shraddha Hospital,anchor,hospital
72.606863,22.981784,Vedanth Medical Hospital,anchor,hospital
72.614834,22.93826,Krishna General Hospital,anchor,hospital
72.611169,22.978245,Balaji Speciality Hospital,anchor,hospital
72.6149817,22.9382867,Pramukh Hospital and Research Centre,anchor,hospital
72.598012,22.948094,Indira Women's Care and Multi Speciality Hospital,anchor,hospital
72.6032425,22.9820852,Dirdhau Hospital,anchor,hospital
72.618997,22.958951,U.N. Mehta Eye Hospital,anchor,hospital
72.5872561,22.972368,Dr. K.B. Bhagatariya Hospital,anchor,hospital
72.608201,22.9605,Aman Multi Speciality Hospital,anchor,hospital
72.6097705,22.9787938,Apoorva Women's Hospital,anchor,hospital
72.595008,22.98027,Shraddha Hospital,anchor,hospital
72.608642,22.978672,Clear Vision Eye Hospital,anchor,hospital
72.610699,22.98106,Akshar Hospital,anchor,hospital
72.6023636,22.9811997,Shree Nathe Hospital,anchor,hospital
72.602266,22.974803,Prerana Gynec and Maternity Hospital,anchor,hospital
72.6026036,22.9840852,Dr. Shah's Maternity and Nursing Home,anchor,hospital
72.6029,22.981784,Shreeji Children's Hospital,anchor,hospital
72.598519,22.9810392,Shraddha Orthopaedic Hospital,anchor,hospital
72.611815,22.957118,Safal Hospital,anchor,hospital
72.6022206,22.9757579,Shraddha Children Hospital,anchor,hospital
72.6001796,22.983673,Aatman Hospital,anchor,hospital
72.6117361,22.9598509,Swami Sadanand Hospital,anchor,hospital
72.612341,22.955252,Chiranjeev Children Hospital,anchor,hospital
72.6009535,22.9769658,Anand Children Hospital,anchor,hospital
72.612777,22.953387,Shri Ji Kripa Prasuti Griha Hospital,anchor,hospital
72.6222017,23.0582776,Rameshwar Multi Speciality Hospital,anchor,hospital
72.596062,23.096892,Sevak Maternity & Surgical Hospital,anchor,hospital
72.5804333,23.0341718,Paras Hospital,anchor,hospital
72.581545,23.114943,Navjivan Hospital,anchor,hospital
72.5798849,23.0376047,Munciapl Prasuti Hospital,anchor,hospital
72.578769,23.114332,Pushp Hospital and Maternity Home,anchor,hospital
72.582052,23.122105,Devarshi Super Speciality Hospital,anchor,hospital
72.576487,23.038118,Adhvait Psychiatry Hospital,anchor,hospital
72.5794455,22.996289,Faiz Hospital,anchor,hospital
72.5781671,23.0360108,Shahpur Medical Hospital,anchor,hospital
72.5815979,23.045083,Krishna Maternity and Nursing Home,anchor,hospital
72.590307,23.08992,Rajdip Children Hospital,anchor,hospital
72.5847083,23.1112092,Navodaya Hospital for Neonates and Children,anchor,hospital
72.589815,23.053458,ESIC Hospital,anchor,hospital
72.583096,23.113705,Chandkheda Orthopedic & Surgical Hospital,anchor,hospital
72.5958301,23.0958571,Parimal Hospital,anchor,hospital
72.582827,23.114583,Shivam Surgical and Dental Hospital,anchor,hospital
72.5795035,23.0403546,Maheshwari Children Hospital,anchor,hospital
72.581574,23.048956,Sagar Multi Speciality Hospital,anchor,hospital
72.61811,23.059688,Kamal Hospital,anchor,hospital
72.5785891,22.9966232,Mumtaz Hospital,anchor,hospital
72.6082995,23.0465734,Gcs Hospital,anchor,hospital
72.5774069,23.032378,Shreeja Krupa Children Hospital,anchor,hospital
72.577351,23.032023,Shraddha Multi Speciality Hospital,anchor,hospital
72.576397,23.037853,Neuron Neuro Surgical Hospital,anchor,hospital
72.601892,23.058909,Military Hospital,anchor,hospital
72.5777147,23.0402323,Krishna Hospital,anchor,hospital
72.580661,23.114667,Ansh Multispeciality Hospital,anchor,hospital
72.6208766,23.0547951,Sonal Maternity Hospital,anchor,hospital
72.5834513,23.1125242,Sentara Multispeciality Hospital,anchor,hospital
72.5951832,23.0347002,Lokhandwala General Hospital,anchor,hospital
72.588423,23.035637,Bachardas Lashkari Hospital,anchor,hospital
72.583182,23.113388,Rhythm Heart and Medical Hospital,anchor,hospital
72.6025578,23.1044464,Lotus Multispeciality Hospital,anchor,hospital
72.590092,23.055335,Gujarat State Police Welfare Hospital,anchor,hospital
72.620709,23.056258,Ashirwad Maternity and Nursing Home,anchor,hospital
72.579059,22.995486,New Life Hospital,anchor,hospital
72.596142,23.051416,Puneet Maternity Nursing Home,anchor,hospital
72.591111,23.092043,Indus Hospital,anchor,hospital
72.576899,23.001026,Chepirog Hospital,anchor,hospital
72.5953342,23.0521027,Jain Hospital,anchor,hospital
72.589386,23.045993,Clear Vision Eye Hospital,anchor,hospital
72.5976157,23.1047391,Param Multispeciality Hospital,anchor,hospital
72.5778602,23.0399922,Shivam Hospital,anchor,hospital
72.5469031,23.0943467,Hridaan Hospital & Pharmacy,anchor,hospital
72.5134997,23.0188276,Sai Krupa Hospital,anchor,hospital
72.5343808,23.0464267,Shreeji ENT and Orthopaedic Hospital,anchor,hospital
72.459589,23.032409,Life Care Hospital,anchor,hospital
72.5247419,23.0323612,Tender Touch Children's Hospital,anchor,hospital
72.4658969,23.0333202,Shivam Hospital,anchor,hospital
72.5257914,23.0310152,Devi Hospital,anchor,hospital
72.512076,23.019857,Vismay Child Care Hospital,anchor,hospital
72.4653431,23.0341111,Adarsh Hospital,anchor,hospital
72.546777,23.0940118,Satyam Hospital,anchor,hospital
72.5264512,23.0405865,Brinda Women's Hospital,anchor,hospital
72.526418,23.040905,Shri Gordhandas Charitable Hospital,anchor,hospital
72.642215,23.215334,Tejas Surgical Hospital,anchor,hospital
72.636785,23.208854,Anand Hospital,anchor,hospital
72.633425,23.179368,Sanjivani Babycare Hospital,anchor,hospital
72.6341167,23.206201,Radhe Children Hospital,anchor,hospital
72.6423782,23.2152171,Nitaben Shekhat Hospital,anchor,hospital
72.6365927,23.2112394,Jalaram Hospital,anchor,hospital
72.6217901,23.1857862,Aashka Multispeciality Hospitals,anchor,hospital
72.6385544,23.1926044,Life Apollo Hospitals,anchor,hospital
72.6366046,23.2085838,Sanjivani Children Hospital,anchor,hospital
72.6412383,23.2048436,Raj Maternity Home,anchor,hospital
72.6129583,23.1691147,Vishwas Kamdhenu Panchgavya Aarogya Hospital,anchor,hospital
72.646697,23.20793,Shubham Maternity Hospital,anchor,hospital
72.634087,23.179407,Vachhani Hospital,anchor,hospital
72.635791,23.207234,Shraddha Bhakti Maternity Hospital,anchor,hospital
72.636715,23.208897,Yashdeep Eye & Children Hospital,anchor,hospital
72.641134,23.2151883,Mann Hospital,anchor,hospital
72.636462,23.2107329,Tej Eye Centre Superspeciality Eye Hospital,anchor,hospital
72.6436861,23.2088303,Jeevan Hospital,anchor,hospital
72.639305,23.211897,Shree Rajratan General & Surgical Hospital,anchor,hospital
72.5871116,23.1616888,Om Prasuti Gruha Hospital,anchor,hospital
72.6421536,23.215199,Kalp Children Hospital,anchor,hospital
72.636796,23.208987,Prathna Maternity Home,anchor,hospital
72.746797,23.1777,Aarohi General Hospital,anchor,hospital
72.726203,23.219372,Mahi Surgical Hospital,anchor,hospital
72.700156,23.181426,Starling Hospital,anchor,hospital
72.4788535,22.9874749,Sahyog Hospital,anchor,hospital
72.5008661,22.9859705,Navjivan hospital,anchor,hospital
72.493561,22.985509,Hope Hospital,anchor,hospital
72.4989295,22.9845108,Mamata Hospital,anchor,hospital
72.4984705,22.9835997,SHREY HOSPITAL,anchor,hospital
72.501192,22.9809825,Mamta Hospital,anchor,hospital
72.6280818,23.1817847,Radhe Hospital,anchor,hospital
72.6231298,22.9767385,Vimla Hospital,anchor,hospital
72.4675268,23.0451918,INDU MEDICARE,anchor,hospital
72.5905818,23.0294026,Parijat Children Hospital,anchor,hospital
72.5933151,23.0294443,Pinakin Dala Hospital,anchor,hospital
72.5798827,23.0376253,muncipal parsuti Hospital,anchor,hospital
72.5781781,23.0360259,Shahur Medical Hospital,anchor,hospital
72.5804374,23.0342097,Paras Hospital,anchor,hospital
72.577354,23.0320391,Shraddha Multispecialist Hospital,anchor,hospital
72.5696194,23.036498,Sukhmani hospital,anchor,hospital
72.5615306,23.046029,Sanjivani Eye Hospital,anchor,hospital
72.5617682,23.0482467,Shreyas Dental Hospital,anchor,hospital
72.5610257,23.0673766,,anchor,hospital
72.5352149,23.0604678,GuruKrupa Hospital,anchor,hospital
72.5431127,23.0694667,Aneri CHildren Hospital,anchor,hospital
72.5259992,23.0318655,Rosemary Womens Hospital,anchor,hospital
72.5271428,23.0311855,Akshay Heart and Medical Hospital,anchor,hospital
72.5233013,23.0251067,Sangini Hospital,anchor,hospital
72.5261005,23.0228555,Rathi Hospital,anchor,hospital
72.538511,23.02222,Jyoti Maternity Hospital,anchor,hospital
72.5325801,23.0067417,Vatsalya Gynec Hospital,anchor,hospital
72.5432561,23.0086307,Jivraj Mehta Hospital,anchor,hospital
72.5615615,23.0201123,Shree Harikrupa Hospital,anchor,hospital
72.5944694,23.0493049,Kalptaru Hospital,anchor,hospital
72.6074913,23.04949,Kidney Hospital,anchor,hospital
72.6043839,23.0522972,Civil Hospital,anchor,hospital
72.601975,23.0590415,Military Hospital,anchor,hospital
72.6082954,23.0465729,GCS Hospital,anchor,hospital
72.6391848,23.0237298,Ayushman Medical Hospital,anchor,hospital
72.6528746,23.0729799,Shivam Surgical Hospital,anchor,hospital
72.5431262,23.0694304,Aneri CHildren Hospital,anchor,hospital
72.536403,23.0461549,Cornea Foundation Hospital,anchor,hospital
72.5415625,23.1354749,KD Blossom,anchor,hospital
72.5219853,23.0492471,Diva Women's Hospital,anchor,hospital
72.5517045,23.0329052,St. Xavier's College,anchor,college
72.5537987,23.0337029,SLIMS - Som Lalit Institute of Management Studies,anchor,college
72.6046567,22.9986434,AMC MET Medical College,anchor,college
72.6030289,22.998722,KK Shah Jarodwala Science College,anchor,college
72.5307242,23.0830479,RC TECHNICAL INSTITUTE,anchor,college
72.5148851,23.0283544,SN Collage,anchor,college
72.5692947,23.0441852,Gujrat Vidhyapeeth,anchor,university
72.6043173,23.0497247,"Government Dental College ,Ahemedabad",anchor,college
72.6027712,23.0524472,"BJ Medical College ,Haripura -Asarwa",anchor,college
72.6847766,23.2127589,IIT Gandhinagar,anchor,college
72.6301367,23.1149923,SSIT (shree Swaminarayan institute of technology),anchor,college
72.5475056,23.0265769,Government Polytechnic,anchor,college
72.4406666,23.1437636,Alpha College of Engineering,anchor,college
72.5371832,23.0346573,Amrut Mody institute of Management,anchor,college
72.5380428,23.0346697,LD College of Arts,anchor,college
72.6619214,23.1828788,Adarsh Prathamik Shala (Elementary school),anchor,university
72.5453568,23.0386219,"Department of Animation, IT, IMS and Mobile Application",anchor,college
72.4466514,22.927361,029,anchor,bank
72.511317,23.0323231,Indian Bank,anchor,bank
72.5523355,23.045849,"State Bank of India, St. Xavier's School Road Branch",anchor,bank
72.5645714,23.0047261,Indian Bank,anchor,bank
72.5527534,23.0471515,Central Bank of India,anchor,bank
72.5517832,23.0453324,Kalupur Commercial Co-operative Bank,anchor,bank
72.5910422,23.0058514,Bank of Baroda,anchor,bank
72.5713107,23.0406536,Ahmedabad District Cooperative Bank,anchor,bank
72.579428,23.0245389,"The State Bank of India, Ahmedabad Office",anchor,bank
72.5608865,23.0337365,Citibank,anchor,bank
72.5598654,23.0328329,"The State Bank of India, Ahmedabad Office",anchor,bank
72.5599842,23.0331142,Kotak Mahindra Bank,anchor,bank
72.5809242,23.0274353,Central Bank of India,anchor,bank
72.559847,23.0137058,HDFC Bank Paldi Branch,anchor,bank
72.5819103,23.026296,HDFC Bank Relief Road Branch,anchor,bank
72.5909029,23.0835179,HDFC Bank,anchor,bank
72.5888148,23.0834501,Gol Bank,anchor,bank
72.5900739,23.0825491,Bank of Baroda,anchor,bank
72.5285852,23.0140747,saswat bank,anchor,bank
72.5465809,23.0098902,HDFC Bank,anchor,bank
72.5568708,23.0526603,canera bank,anchor,bank
72.5130175,23.0119649,Yes Bank,anchor,bank
72.6409003,23.0462917,State Bank of India,anchor,bank
72.6273272,22.9713508,Dena Bank,anchor,bank
72.5692563,23.0384792,Kotak Mahindra Bank,anchor,bank
72.6331183,22.962845,HDFC bank,anchor,bank
72.5539414,23.072579,,anchor,bank
72.5744422,23.0804261,State Bank of India,anchor,bank
72.5439614,23.1282051,Kalupur Cooperative Commercial BANK,anchor,bank
72.482714,23.0262784,State Bank of India,anchor,bank
72.5731675,23.1872819,State Bank of India,anchor,bank
72.6146307,23.1952986,State Bank of India,anchor,bank
72.6022845,22.9950448,Indusland Bank,anchor,bank
72.5298603,23.0132724,SBI,anchor,bank
72.5298603,23.013352,Bank of Baroda,anchor,bank
72.4725529,23.0168635,State Bank of India,anchor,bank
72.5523509,23.0457257,"Axis Bank, Memnagar Branch",anchor,bank
72.6318002,23.1966118,IDBI Bank,anchor,bank
72.5531143,23.156471,Fuel,competitor,fuel
72.5737935,23.1768017,Hindustan Petroleum,competitor,fuel
72.5280508,23.211777,Fuel,competitor,fuel
72.6302529,23.1966588,Fuel,competitor,fuel
72.6360549,23.2097381,,competitor,fuel
72.6485951,23.2151075,,competitor,fuel
72.6308627,23.1053991,,competitor,fuel
72.5139509,23.0331106,HP Fuel Station,competitor,fuel
72.5644882,23.0045263,Ansh Petrol Pump,competitor,fuel
72.5619985,23.0684998,Akhbarnagar petrol pump,competitor,fuel
72.5841287,23.0263196,,competitor,fuel
72.5638517,23.0120486,Hindustan Petroleum Station,competitor,fuel
72.5529832,23.0049181,,competitor,fuel
72.5955759,23.0396523,,competitor,fuel
72.5864365,23.011445,Adani CNG Gas Station,competitor,fuel
72.6973521,23.1614522,IOC,competitor,fuel
72.6393779,23.2165167,hi petrol pump,competitor,fuel
72.5124778,23.0121167,Shell,competitor,fuel
72.5644029,23.0135186,CNG Adani,competitor,fuel
72.6431616,23.0579511,,competitor,fuel
72.6319464,23.0523451,Cng Petrol pump,competitor,fuel
72.6508243,23.0219685,Petrol CNG pump,competitor,fuel
72.5324345,23.0477016,Indian oil,competitor,fuel
72.5295505,23.210959,CNG gas only,competitor,fuel
72.580366,23.039025,cng,competitor,fuel
72.6678593,23.0797088,Petrol pump Nava Naroda,competitor,fuel
72.5781297,23.0400891,CNG Bharat petroleum,competitor,fuel
72.5234735,23.076537,Bharat Petroleum,competitor,fuel
72.6862592,23.0846729,CNG gas station,competitor,fuel
72.49878,22.9359318,CNG stattion,competitor,fuel
72.6734332,23.0289447,Cng and petrol pump,competitor,fuel
72.5658082,23.0140063,,competitor,fuel
72.5882763,23.1619162,Cng station,competitor,fuel
72.4751705,23.0293396,Indian oil CNG n Petrol,competitor,fuel
72.6271713,23.1748208,Kishan Petroleum,competitor,fuel
72.6269447,22.9871408,Shell,competitor,fuel
72.5357058,22.9936417,Vishala,complementary,restaurant
72.5397742,23.0042051,Rajvadu Restaurant,complementary,restaurant
72.5821405,23.0648296,,complementary,restaurant
72.5920852,23.0227338,Mangaldas Ni Haveli,complementary,restaurant
72.5701852,23.0317635,McDonald's,complementary,fast_food
72.5699576,23.0422876,Cyber Cafe,complementary,cafe
72.5485619,23.0410467,Cafe Souq,complementary,restaurant
72.5485324,23.0407234,Chocolate Room,complementary,cafe
72.5494685,23.0427079,"Barrista, Vijay 4 Roads",complementary,cafe
72.5493907,23.0312796,Cafe Coffee Day,complementary,cafe
72.5485673,23.0412121,Upper Crust Cafe,complementary,restaurant
72.6268859,23.1886916,DAIICT Cafeteria,complementary,restaurant
72.5691606,23.0120603,Chai Gate!!!,complementary,cafe
72.568823,23.0116852,Amul,complementary,fast_food
72.5524611,23.0457522,Dinner Bell,complementary,restaurant
72.565775,23.0376713,Havmor Restaurant,complementary,restaurant
72.5655478,23.0328812,Natural Ice Cream,complementary,fast_food
72.5816167,23.0270378,Agashiye Restaurant,complementary,restaurant
72.5647629,23.0847638,Food Temple,complementary,restaurant
72.4998803,23.0523024,Black Salt,complementary,restaurant
72.5816108,23.0272633,Green House Restaurant,complementary,restaurant
72.5645716,23.0674245,Vrundavan Restaurant;AKHBAR NAGAR CIRCLE,complementary,restaurant
72.6328106,23.1964319,Ken's Koffee Plus Plus,complementary,cafe
72.543503,23.0212619,Real Paprika,complementary,restaurant
72.5860331,23.0200882,Gol Limbda Bhajiya and Nashta House,complementary,fast_food
72.5494261,23.0362229,Zen Cafe,complementary,cafe
72.526862,23.0480405,Barbeque Nation,complementary,restaurant
72.5600005,23.0329764,Cafe Coffee Day,complementary,cafe
72.549193,23.0423379,Shreeji krupa vadapav,complementary,fast_food
72.5486525,23.0423816,McDonald's,complementary,fast_food
72.5492422,23.0426757,Asharfilal Kulfi,complementary,fast_food
72.5828928,23.0246187,Ghandi Cold Drink House,complementary,cafe
72.5811204,23.027562,Lucky Tea Shop,complementary,fast_food
72.5908571,23.0552316,Naeeka,complementary,restaurant
72.5829376,23.0248713,Nishat,complementary,restaurant
72.5830856,23.0248607,Nishat,complementary,restaurant
72.5823659,23.0245678,Paramount,complementary,restaurant
72.5830356,23.0263181,Relief Cyber Cafe,complementary,cafe
72.5540845,23.0206812,Jasuben Pizza,complementary,fast_food
72.6329653,23.1862186,Canteen,complementary,restaurant
72.5892158,23.0839448,MAHARAJ Food Corner,complementary,fast_food
72.5609251,23.0342579,waah,complementary,restaurant
72.5608446,23.0342641,havmor,complementary,restaurant
72.5611879,23.0344715,,complementary,restaurant
72.5612536,23.0344517,choice,complementary,restaurant
72.5617312,23.0358422,chocolate room,complementary,cafe
72.5610096,23.0342345,purohit,complementary,restaurant
72.5073318,23.0245018,Cafe Coffee Day,complementary,cafe
72.5126614,23.0385865,Honest,complementary,restaurant
72.512884,23.0385075,Subway,complementary,fast_food
72.507327,23.0244178,Mc Donalds,complementary,restaurant
72.5122645,23.0381817,Havmor,complementary,restaurant
72.5151861,23.2184113,JANTA ice cream,complementary,fast_food
72.5343354,23.2070953,Gruh laxmi spices,complementary,fast_food
72.5443257,23.0371357,Nescafe,complementary,cafe
72.5552881,23.005805,TGB,complementary,fast_food
72.64396,23.051025,Domino's,complementary,fast_food
72.64456,23.0510167,TGB,complementary,fast_food
72.643756,23.0512085,Spoons n straws,complementary,fast_food
72.597377,23.0142097,McDonald's,complementary,restaurant
72.5294517,23.0464898,Subway,complementary,restaurant
72.5730115,23.1799492,Bhojnalaya - Unodri Bhavan,complementary,fast_food
72.6748785,23.1103852,Kaka fast food,complementary,fast_food
72.6718897,23.1113356,Kaka ni bhajipav,complementary,fast_food
72.6748011,23.1104061,Kaka fastfood,complementary,fast_food
72.5138086,23.0381074,Atithi Dining Hall,complementary,restaurant
72.6708433,23.0591783,"Sabri Kathiyavadi,panjabi",complementary,restaurant
72.6050699,23.111054,AFC Garden Restaurant,complementary,restaurant
72.6690656,23.0795581,Kabir Restaurant,complementary,restaurant
72.600163,23.030136,arbi,complementary,restaurant
72.5065,23.035392,Cooking Culture,complementary,restaurant
72.5827993,23.0659846,HANDI HOTEL,complementary,restaurant
72.5082222,23.0324134,Little Italy,complementary,restaurant
72.5580704,23.0199957,Tandoorworkz,complementary,restaurant
72.6317943,22.9818481,Annapurna,complementary,restaurant
72.6319432,22.9811933,Gayatri,complementary,restaurant
72.6329291,22.9815706,Royal Pride,complementary,restaurant
72.5807241,23.0687153,,complementary,restaurant
72.5398877,23.0550362,nilam snacks,complementary,fast_food
72.6638136,23.0071778,Tan-man bhaji pav,complementary,fast_food
72.4703195,23.0168753,Upper Crest,complementary,restaurant
72.549183,23.0422816,Subway,complementary,fast_food
72.5486687,23.042429,Fullfills Ahmedabad,complementary,cafe
72.5490709,23.0416337,quinches,complementary,cafe
72.5492178,23.042389,uno pizza,complementary,cafe
72.5728883,23.1871084,Nishra Restaurant,complementary,restaurant
72.5505062,23.0444534,The Cafe Baraco,complementary,cafe
72.5276503,23.0398379,Iscon Ghantiya,complementary,fast_food
72.6497749,23.2169929,,complementary,fast_food
72.6496179,23.2170663,,complementary,fast_food
72.6496663,23.2170442,Bansari Traditional,complementary,restaurant
72.665834,22.9945198,Hotel Purohit Por,complementary,restaurant
72.4775187,23.0287895,Havmor restaurant,complementary,restaurant
72.5603703,23.0346667,Seva Cafe,complementary,cafe
72.5577346,23.033026,Unlocked,complementary,cafe
72.5600295,23.0320819,Cafe udipi richi,complementary,cafe
72.6506214,23.0742871,Hotel Emerland,complementary,restaurant
72.5062163,23.0122064,In-Garden Cafe,complementary,cafe
72.5995018,23.0236978,Sanmani Restaurant,complementary,restaurant
72.559229,23.0275402,Takshshila Food Court,complementary,restaurant
72.5714777,23.0246356,Jai Jalaram Parontha House,complementary,restaurant
72.565418,23.0144058,Udipi Cafe,complementary,cafe
72.5735839,23.1800841,Samrasi - Premium Bhojnalaya,complementary,restaurant
72.4766561,23.0284866,Jalaram Parotha house,complementary,restaurant
72.6334745,23.1333506,Vrindavan,complementary,restaurant
72.6148754,23.1931868,Khetlaapa Tea Shop,complementary,cafe
72.6146833,23.1950881,7 Colours Pan Parlor,complementary,cafe
72.5835893,23.0169709,Chicken biryani,complementary,restaurant
72.5838568,23.0197975,K.G.N. Chinese Fry Centre,complementary,restaurant
72.5061396,23.0355672,cabana lounge,complementary,cafe
72.5737246,22.9798046,Himalaya Bakery,complementary,fast_food
72.5995705,23.0012911,,complementary,restaurant
72.5018226,23.034043,The Cafe Date,complementary,cafe
72.5611735,23.0360509,Coffee Stand-CG Road,complementary,cafe
72.5739984,23.1875373,fiftyeight sixtyeight - 5868,complementary,restaurant
72.5567513,23.0221413,McDonald's,complementary,fast_food
72.4750517,23.0175789,Hocco Eatery,complementary,restaurant
72.5589826,23.0244466,Swati Snacks,complementary,restaurant
72.5508007,23.0158336,Deshi Chulha Non-veg,complementary,cafe
72.4854863,23.0451215,Bean Box Cafe,complementary,cafe
72.683768,23.0875162,Babadeepsingh Restaurant,complementary,restaurant
72.5248026,23.0163696,Diwan Bhel Pakodi Center,complementary,fast_food
72.5243683,23.0163966,Jagdish Chaat Pakodi Center,complementary,fast_food
72.4354163,23.0333924,Sambar Cafe,complementary,restaurant
72.5299212,23.0172744,Domino's,complementary,fast_food
72.5052184,23.0116205,La Milano Pizzeria Prahladnagar,complementary,restaurant
72.4762382,23.0258612,McDonald's,complementary,fast_food
72.511119,23.0123743,McDonald's,complementary,fast_food
72.6839578,23.0875987,Crush Culture Cafe Bar,complementary,cafe
72.6705415,23.0496098,Dadu Cafe,complementary,cafe
72.5111196,23.0359596,Gordhan Thal,complementary,restaurant
72.5110489,23.0361967,Deva's Coffee Bar,complementary,fast_food
72.5290405,23.0371443,Shreeji Krupa Bombay Vadapav,complementary,fast_food
72.5107614,23.0319557,Starbucks Bodakdev,complementary,cafe
72.511298,23.0318311,mocha,complementary,cafe
72.5291086,23.0371776,Gajanand Pauva House,complementary,fast_food
72.5290981,23.0371316,Jay Mataji Fast Food,complementary,fast_food
72.4716006,23.0182853,Purohit Chavana and Sweet Mart,complementary,fast_food
72.5588748,23.0276271,Puffiza,complementary,fast_food
72.5081733,23.0116726,Skyz Restaurant and Banquet,complementary,restaurant
72.5551823,23.0322805,The Waffling Station,complementary,restaurant
72.6164238,23.1925108,McDonald's,complementary,fast_food
72.6165249,23.1923234,Shiva's Cafe,complementary,cafe
72.616653,23.1918606,Upper Deck,complementary,restaurant
72.5079662,23.0267886,The Grill Street,complementary,restaurant
72.5644073,23.0396084,The House of Khaman,complementary,restaurant
72.5062361,23.0218092,Bhookh Lagi Hai?,complementary,fast_food
72.6283409,23.1170709,The House of Makeba (Bhat),complementary,restaurant
72.4756286,23.017434,Gwalia Sweets,complementary,fast_food
72.5883477,23.0319107,Authentic cafe,complementary,cafe
72.5110318,23.0123617,Jassi De Parathe,complementary,restaurant
72.5269272,23.0410761,Choco drama,complementary,cafe
72.5275081,23.0407863,leela sandwich,complementary,fast_food
72.5824778,23.1084228,Ramdev Farsan,complementary,restaurant
72.5912774,23.1089422,Monginis Cake shop,complementary,restaurant
72.5960745,23.1035224,Subway.,complementary,restaurant
72.5938416,23.1096267,The Belgian Waffle,complementary,restaurant
72.5942231,23.1096095,Tandoor & Tadka,complementary,restaurant
72.5961933,23.1034803,La Pino's Pizza.,complementary,restaurant
72.5961458,23.1033646,Dangee Dums,complementary,restaurant
72.5958266,23.103377,La Milano Pizzeria.,complementary,restaurant
72.5952916,23.102916,Gwalia Sweets Private Limited,complementary,restaurant
72.6784893,23.0416984,BLUEBERRY RESTAURANT & BANQUET,complementary,restaurant
72.5502307,23.1361303,Scoop N Munch,complementary,cafe
